{
        "client_id": "535192627284-j9mch7u30m438bnqbbireu8n3rii4iju.apps.googleusercontent.com",
        "project_id": "discord-elum-bot",
        "auth_uri": "https://accounts.google.com/o/oauth2/auth",
        "token_uri": "https://oauth2.googleapis.com/token",
        "auth_provider_x509_cert_url": "https://www.googleapis.com/oauth2/v1/certs",
        "client_secret": "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",
        "redirect_uris": [
            "http://localhost:3000/auth/google/callback"
        ],
        "javascript_origins": [
            "http://localhost:3000"
        ]
}